Name,District,Type,Description
A W BROWN-FELLOWSHIP LEADERSHIP AC,057816,I,CHARTER SCHOOL DISTRICTS
A+ ACADEMY,057829,I,CHARTER SCHOOL DISTRICTS
ABBOTT ISD,109901,H,RURAL
ABERNATHY ISD,095901,H,RURAL
ABILENE ISD,221901,C,OTHER CENTRAL CITY
ACADEMY FOR ACADEMIC EXCELLENCE,057814,I,CHARTER SCHOOL DISTRICTS
ACADEMY ISD,014901,F,NON-METROPOLITAN FAST GROWING
ACADEMY OF ACCELERATED LEARNING IN,101810,I,CHARTER SCHOOL DISTRICTS
ACADEMY OF CAREERS AND TECHNOLOGIE,015816,I,CHARTER SCHOOL DISTRICTS
ACADEMY OF DALLAS,057810,I,CHARTER SCHOOL DISTRICTS
ACCELERATED INTERMEDIATE ACADEMY,101849,I,CHARTER SCHOOL DISTRICTS
ADRIAN ISD,180903,H,RURAL
ADVANTAGE ACADEMY,057806,I,CHARTER SCHOOL DISTRICTS
AGUA DULCE ISD,178901,H,RURAL
ALAMO HEIGHTS ISD,015901,B,MAJOR SUBURBAN
ALBA-GOLDEN ISD,250906,H,RURAL
ALBANY ISD,209901,H,RURAL
ALDINE ISD,101902,B,MAJOR SUBURBAN
ALEDO ISD,184907,B,MAJOR SUBURBAN
ALICE ISD,125901,E,INDEPENDENT TOWN
ALIEF ISD,101903,B,MAJOR SUBURBAN
ALIEF MONTESSORI COMMUNITY SCHOOL,101815,I,CHARTER SCHOOL DISTRICTS
ALLEN ISD,043901,D,OTHER CENTRAL CITY SUBURBAN
ALPHA CHARTER SCHOOL,057832,I,CHARTER SCHOOL DISTRICTS
ALPINE ISD,022901,G,NON-METROPOLITAN STABLE
ALTO ISD,037901,H,RURAL
ALVARADO ISD,126901,D,OTHER CENTRAL CITY SUBURBAN
ALVIN ISD,020901,B,MAJOR SUBURBAN
ALVORD ISD,249901,H,RURAL
AMARILLO ISD,188901,C,OTHER CENTRAL CITY
AMBASSADORS PREPARATORY ACADEMY,084804,I,CHARTER SCHOOL DISTRICTS
AMHERST ISD,140901,H,RURAL
AMIGOS POR VIDA-FRIENDS FOR LIFE P,101819,I,CHARTER SCHOOL DISTRICTS
ANAHUAC ISD,036901,D,OTHER CENTRAL CITY SUBURBAN
ANDERSON-SHIRO CISD,093901,E,INDEPENDENT TOWN
ANDREWS ISD,002901,D,OTHER CENTRAL CITY SUBURBAN
ANGLETON ISD,020902,D,OTHER CENTRAL CITY SUBURBAN
ANNA ISD,043902,F,NON-METROPOLITAN FAST GROWING
ANSON ISD,127901,H,RURAL
ANTHONY ISD,071906,G,NON-METROPOLITAN STABLE
ANTON ISD,110901,H,RURAL
APPLE SPRINGS ISD,228905,H,RURAL
AQUILLA ISD,109912,H,RURAL
ARANSAS COUNTY ISD,004901,E,INDEPENDENT TOWN
ARANSAS PASS ISD,205901,D,OTHER CENTRAL CITY SUBURBAN
ARCHER CITY ISD,005901,H,RURAL
ARGYLE ISD,061910,D,OTHER CENTRAL CITY SUBURBAN
ARISTOI CLASSICAL ACADEMY,101803,I,CHARTER SCHOOL DISTRICTS
ARLINGTON CLASSICS ACADEMY,220802,I,CHARTER SCHOOL DISTRICTS
ARLINGTON ISD,220901,A,MAJOR URBAN
ARP ISD,212901,G,NON-METROPOLITAN STABLE
ARROW ACADEMY,021805,I,CHARTER SCHOOL DISTRICTS
ASPERMONT ISD,217901,H,RURAL
ATHENS ISD,107901,E,INDEPENDENT TOWN
ATLANTA ISD,034901,E,INDEPENDENT TOWN
AUBREY ISD,061907,D,OTHER CENTRAL CITY SUBURBAN
AUSTIN ACHIEVE PUBLIC SCHOOLS,227825,I,CHARTER SCHOOL DISTRICTS
AUSTIN DISCOVERY SCHOOL,227821,I,CHARTER SCHOOL DISTRICTS
AUSTIN ISD,227901,A,MAJOR URBAN
AUSTWELL-TIVOLI ISD,196901,H,RURAL
AVALON ISD,070901,H,RURAL
AVERY ISD,194902,H,RURAL
AVINGER ISD,034902,H,RURAL
AXTELL ISD,161918,H,RURAL
AZLE ISD,220915,B,MAJOR SUBURBAN
BAIRD ISD,030903,H,RURAL
BALLINGER ISD,200901,G,NON-METROPOLITAN STABLE
BALMORHEA ISD,195902,H,RURAL
BANDERA ISD,010902,B,MAJOR SUBURBAN
BANGS ISD,025901,G,NON-METROPOLITAN STABLE
BANQUETE ISD,178913,G,NON-METROPOLITAN STABLE
BARBERS HILL ISD,036902,D,OTHER CENTRAL CITY SUBURBAN
BARTLETT ISD,014902,H,RURAL
BASIS TEXAS,015834,I,CHARTER SCHOOL DISTRICTS
BASTROP ISD,011901,E,INDEPENDENT TOWN
BAY AREA CHARTER INC,101809,I,CHARTER SCHOOL DISTRICTS
BAY CITY ISD,158901,E,INDEPENDENT TOWN
BEATRICE MAYES INSTITUTE CHARTER S,101847,I,CHARTER SCHOOL DISTRICTS
BEAUMONT ISD,123910,C,OTHER CENTRAL CITY
BECKVILLE ISD,183901,H,RURAL
BEEVILLE ISD,013901,E,INDEPENDENT TOWN
BELLEVUE ISD,039904,H,RURAL
BELLS ISD,091901,H,RURAL
BELLVILLE ISD,008901,E,INDEPENDENT TOWN
BELTON ISD,014903,D,OTHER CENTRAL CITY SUBURBAN
BEN BOLT-PALITO BLANCO ISD,125902,H,RURAL
BENAVIDES ISD,066901,H,RURAL
BENJAMIN ISD,138904,H,RURAL
BEXAR COUNTY ACADEMY,015809,I,CHARTER SCHOOL DISTRICTS
BIG SANDY ISD,187901,H,RURAL
BIG SANDY ISD,230901,H,RURAL
BIG SPRING ISD,114901,E,INDEPENDENT TOWN
BIG SPRINGS CHARTER SCHOOL,193801,I,CHARTER SCHOOL DISTRICTS
BIRDVILLE ISD,220902,B,MAJOR SUBURBAN
BISHOP CISD,178902,G,NON-METROPOLITAN STABLE
BLACKWELL CISD,177903,H,RURAL
BLANCO ISD,016902,G,NON-METROPOLITAN STABLE
BLAND ISD,116915,H,RURAL
BLANKET ISD,025904,H,RURAL
BLOOMBURG ISD,034909,H,RURAL
BLOOMING GROVE ISD,175902,D,OTHER CENTRAL CITY SUBURBAN
BLOOMINGTON ISD,235901,G,NON-METROPOLITAN STABLE
BLUE RIDGE ISD,043917,H,RURAL
BLUFF DALE ISD,072904,H,RURAL
BLUM ISD,109913,H,RURAL
BOB HOPE SCHOOL,123807,I,CHARTER SCHOOL DISTRICTS
BOERNE ISD,130901,B,MAJOR SUBURBAN
BOLES ISD,116916,H,RURAL
BOLING ISD,241901,D,OTHER CENTRAL CITY SUBURBAN
BONHAM ISD,074903,E,INDEPENDENT TOWN
BOOKER ISD,148901,H,RURAL
BORDEN COUNTY ISD,017901,H,RURAL
BORGER ISD,117901,G,NON-METROPOLITAN STABLE
BOSQUEVILLE ISD,161923,H,RURAL
BOVINA ISD,185901,H,RURAL
BOWIE ISD,169901,G,NON-METROPOLITAN STABLE
BOYD ISD,249902,G,NON-METROPOLITAN STABLE
BOYS RANCH ISD,180901,H,RURAL
BRACKETT ISD,136901,H,RURAL
BRADY ISD,160901,G,NON-METROPOLITAN STABLE
BRAZOS ISD,008903,H,RURAL
BRAZOS RIVER CHARTER SCHOOL,213801,I,CHARTER SCHOOL DISTRICTS
BRAZOS SCHOOL FOR INQUIRY & CREATI,021803,I,CHARTER SCHOOL DISTRICTS
BRAZOSPORT ISD,020905,C,OTHER CENTRAL CITY
BRECKENRIDGE ISD,215901,G,NON-METROPOLITAN STABLE
BREMOND ISD,198901,H,RURAL
BRENHAM ISD,239901,E,INDEPENDENT TOWN
BRIDGE CITY ISD,181901,G,NON-METROPOLITAN STABLE
BRIDGEPORT ISD,249903,E,INDEPENDENT TOWN
BRIGHT IDEAS CHARTER,243801,I,CHARTER SCHOOL DISTRICTS
BROADDUS ISD,203902,H,RURAL
BROCK ISD,184909,D,OTHER CENTRAL CITY SUBURBAN
BRONTE ISD,041901,H,RURAL
BROOKELAND ISD,121902,H,RURAL
BROOKESMITH ISD,025908,H,RURAL
BROOKS ACADEMY OF SCIENCE AND ENGI,015830,I,CHARTER SCHOOL DISTRICTS
BROOKS COUNTY ISD,024901,D,OTHER CENTRAL CITY SUBURBAN
BROWNFIELD ISD,223901,G,NON-METROPOLITAN STABLE
BROWNSBORO ISD,107902,D,OTHER CENTRAL CITY SUBURBAN
BROWNSVILLE ISD,031901,C,OTHER CENTRAL CITY
BROWNWOOD ISD,025902,E,INDEPENDENT TOWN
BRUCEVILLE-EDDY ISD,161919,H,RURAL
BRYAN ISD,021902,C,OTHER CENTRAL CITY
BRYSON ISD,119901,H,RURAL
BUCKHOLTS ISD,166907,H,RURAL
BUENA VISTA ISD,186901,H,RURAL
BUFFALO ISD,145901,G,NON-METROPOLITAN STABLE
BULLARD ISD,212902,D,OTHER CENTRAL CITY SUBURBAN
BUNA ISD,121903,G,NON-METROPOLITAN STABLE
BURKBURNETT ISD,243901,D,OTHER CENTRAL CITY SUBURBAN
BURKEVILLE ISD,176901,H,RURAL
BURLESON ISD,126902,C,OTHER CENTRAL CITY
BURNET CISD,027903,D,OTHER CENTRAL CITY SUBURBAN
BURNHAM WOOD CHARTER SCHOOL DISTRI,071801,I,CHARTER SCHOOL DISTRICTS
BURTON ISD,239903,H,RURAL
BUSHLAND ISD,188904,D,OTHER CENTRAL CITY SUBURBAN
BYNUM ISD,109902,H,RURAL
C O R E ACADEMY,101869,I,CHARTER SCHOOL DISTRICTS
CADDO MILLS ISD,116901,G,NON-METROPOLITAN STABLE
CALALLEN ISD,178903,G,NON-METROPOLITAN STABLE
CALDWELL ISD,026901,D,OTHER CENTRAL CITY SUBURBAN
CALHOUN COUNTY ISD,029901,G,NON-METROPOLITAN STABLE
CALLISBURG ISD,049905,G,NON-METROPOLITAN STABLE
CALVERT ISD,198902,H,RURAL
CALVIN NELMS CHARTER SCHOOLS,101837,I,CHARTER SCHOOL DISTRICTS
CAMERON ISD,166901,G,NON-METROPOLITAN STABLE
CAMPBELL ISD,116910,H,RURAL
CANADIAN ISD,106901,F,NON-METROPOLITAN FAST GROWING
CANTON ISD,234902,E,INDEPENDENT TOWN
CANUTILLO ISD,071907,B,MAJOR SUBURBAN
CANYON ISD,191901,C,OTHER CENTRAL CITY
CARLISLE ISD,201913,H,RURAL
CARRIZO SPRINGS CISD,064903,D,OTHER CENTRAL CITY SUBURBAN
CARROLL ISD,220919,B,MAJOR SUBURBAN
CARROLLTON-FARMERS BRANCH ISD,057903,B,MAJOR SUBURBAN
CARTHAGE ISD,183902,G,NON-METROPOLITAN STABLE
CASTLEBERRY ISD,220917,B,MAJOR SUBURBAN
CAYUGA ISD,001902,H,RURAL
CEDAR HILL ISD,057904,B,MAJOR SUBURBAN
CEDARS INTERNATIONAL ACADEMY,227817,I,CHARTER SCHOOL DISTRICTS
CELESTE ISD,116902,H,RURAL
CELINA ISD,043903,G,NON-METROPOLITAN STABLE
CENTER ISD,210901,E,INDEPENDENT TOWN
CENTER POINT ISD,133901,H,RURAL
CENTERVILLE ISD,145902,H,RURAL
CENTERVILLE ISD,228904,H,RURAL
CENTRAL HEIGHTS ISD,174908,F,NON-METROPOLITAN FAST GROWING
CENTRAL ISD,003907,G,NON-METROPOLITAN STABLE
CHANNELVIEW ISD,101905,B,MAJOR SUBURBAN
CHANNING ISD,103901,H,RURAL
CHAPARRAL STAR ACADEMY,227814,I,CHARTER SCHOOL DISTRICTS
CHAPEL HILL ACADEMY,220815,I,CHARTER SCHOOL DISTRICTS
CHAPEL HILL ISD,212909,D,OTHER CENTRAL CITY SUBURBAN
CHAPEL HILL ISD,225906,G,NON-METROPOLITAN STABLE
CHARLOTTE ISD,007901,H,RURAL
CHEROKEE ISD,206903,H,RURAL
CHESTER ISD,229906,H,RURAL
CHICO ISD,249904,H,RURAL
CHILDREN FIRST ACADEMY OF DALLAS,057811,I,CHARTER SCHOOL DISTRICTS
CHILDRESS ISD,038901,G,NON-METROPOLITAN STABLE
CHILLICOTHE ISD,099902,H,RURAL
CHILTON ISD,073901,H,RURAL
CHINA SPRING ISD,161920,D,OTHER CENTRAL CITY SUBURBAN
CHIRENO ISD,174901,H,RURAL
CHISUM ISD,139905,G,NON-METROPOLITAN STABLE
CHRISTOVAL ISD,226901,H,RURAL
CISCO ISD,067902,G,NON-METROPOLITAN STABLE
CITY CENTER HEALTH CAREERS,015832,I,CHARTER SCHOOL DISTRICTS
CITY VIEW ISD,243906,D,OTHER CENTRAL CITY SUBURBAN
CITYSCAPE SCHOOLS,057841,I,CHARTER SCHOOL DISTRICTS
CLARENDON ISD,065901,H,RURAL
CLARKSVILLE ISD,194904,H,RURAL
CLAUDE ISD,006902,H,RURAL
CLEAR CREEK ISD,084910,B,MAJOR SUBURBAN
CLEBURNE ISD,126903,D,OTHER CENTRAL CITY SUBURBAN
CLEVELAND ISD,146901,D,OTHER CENTRAL CITY SUBURBAN
CLIFTON ISD,018901,G,NON-METROPOLITAN STABLE
CLINT ISD,071901,B,MAJOR SUBURBAN
CLYDE CISD,030902,D,OTHER CENTRAL CITY SUBURBAN
COAHOMA ISD,114902,G,NON-METROPOLITAN STABLE
COLDSPRING-OAKHURST CISD,204901,E,INDEPENDENT TOWN
COLEMAN ISD,042901,G,NON-METROPOLITAN STABLE
COLLEGE STATION ISD,021901,C,OTHER CENTRAL CITY
COLLINSVILLE ISD,091902,H,RURAL
COLMESNEIL ISD,229901,H,RURAL
COLORADO ISD,168901,G,NON-METROPOLITAN STABLE
COLUMBIA-BRAZORIA ISD,020907,D,OTHER CENTRAL CITY SUBURBAN
COLUMBUS ISD,045902,G,NON-METROPOLITAN STABLE
COMAL ISD,046902,B,MAJOR SUBURBAN
COMANCHE ISD,047901,G,NON-METROPOLITAN STABLE
COMFORT ISD,130902,E,INDEPENDENT TOWN
COMMERCE ISD,116903,G,NON-METROPOLITAN STABLE
COMMUNITY ISD,043918,G,NON-METROPOLITAN STABLE
COMO-PICKTON CISD,112908,H,RURAL
COMPASS ACADEMY CHARTER SCHOOL,068802,I,CHARTER SCHOOL DISTRICTS
COMQUEST ACADEMY,101842,I,CHARTER SCHOOL DISTRICTS
COMSTOCK ISD,233903,H,RURAL
CONNALLY ISD,161921,D,OTHER CENTRAL CITY SUBURBAN
CONROE ISD,170902,C,OTHER CENTRAL CITY
COOLIDGE ISD,147901,H,RURAL
COOPER ISD,060902,H,RURAL
COPPELL ISD,057922,B,MAJOR SUBURBAN
COPPERAS COVE ISD,050910,D,OTHER CENTRAL CITY SUBURBAN
CORPUS CHRISTI ISD,178904,C,OTHER CENTRAL CITY
CORPUS CHRISTI MONTESSORI SCHOOL,178807,I,CHARTER SCHOOL DISTRICTS
CORRIGAN-CAMDEN ISD,187904,G,NON-METROPOLITAN STABLE
CORSICANA ISD,175903,D,OTHER CENTRAL CITY SUBURBAN
COTTON CENTER ISD,095902,H,RURAL
COTULLA ISD,142901,D,OTHER CENTRAL CITY SUBURBAN
COUPLAND ISD,246914,H,RURAL
COVINGTON ISD,109903,H,RURAL
CRANDALL ISD,129901,B,MAJOR SUBURBAN
CRANE ISD,052901,D,OTHER CENTRAL CITY SUBURBAN
CRANFILLS GAP ISD,018908,H,RURAL
CRAWFORD ISD,161901,H,RURAL
CROCKETT COUNTY CONSOLIDATED CSD,053001,G,NON-METROPOLITAN STABLE
CROCKETT ISD,113901,G,NON-METROPOLITAN STABLE
CROSBY ISD,101906,B,MAJOR SUBURBAN
CROSBYTON CISD,054901,H,RURAL
CROSS PLAINS ISD,030901,H,RURAL
CROSS ROADS ISD,107904,H,RURAL
CROSSTIMBERS ACADEMY,184801,I,CHARTER SCHOOL DISTRICTS
CROWELL ISD,078901,H,RURAL
CROWLEY ISD,220912,B,MAJOR SUBURBAN
CRYSTAL CITY ISD,254901,G,NON-METROPOLITAN STABLE
CUERO ISD,062901,G,NON-METROPOLITAN STABLE
CULBERSON COUNTY-ALLAMOORE ISD,055901,H,RURAL
CUMBERLAND ACADEMY,212801,I,CHARTER SCHOOL DISTRICTS
CUMBY ISD,112905,H,RURAL
CUSHING ISD,174902,H,RURAL
CYPRESS-FAIRBANKS ISD,101907,B,MAJOR SUBURBAN
D'HANIS ISD,163902,H,RURAL
DAINGERFIELD-LONE STAR ISD,172902,G,NON-METROPOLITAN STABLE
DALHART ISD,056901,G,NON-METROPOLITAN STABLE
DALLAS ISD,057905,A,MAJOR URBAN
DAMON ISD,020910,H,RURAL
DANBURY ISD,020904,H,RURAL
DARROUZETT ISD,148905,H,RURAL
DAWSON ISD,058902,H,RURAL
DAWSON ISD,175904,H,RURAL
DAYTON ISD,146902,E,INDEPENDENT TOWN
DE LEON ISD,047902,H,RURAL
DECATUR ISD,249905,E,INDEPENDENT TOWN
DEER PARK ISD,101908,B,MAJOR SUBURBAN
DEKALB ISD,019901,H,RURAL
DEL VALLE ISD,227910,B,MAJOR SUBURBAN
DELL CITY ISD,115903,H,RURAL
DENISON ISD,091903,D,OTHER CENTRAL CITY SUBURBAN
DENTON ISD,061901,C,OTHER CENTRAL CITY
DENVER CITY ISD,251901,G,NON-METROPOLITAN STABLE
DESOTO ISD,057906,B,MAJOR SUBURBAN
DETROIT ISD,194905,H,RURAL
DEVERS ISD,146903,H,RURAL
DEVINE ISD,163901,G,NON-METROPOLITAN STABLE
DEW ISD,081906,H,RURAL
DEWEYVILLE ISD,176903,H,RURAL
DIBOLL ISD,003905,G,NON-METROPOLITAN STABLE
DICKINSON ISD,084901,C,OTHER CENTRAL CITY
DILLEY ISD,082902,G,NON-METROPOLITAN STABLE
DIME BOX ISD,144903,H,RURAL
DIMMITT ISD,035901,D,OTHER CENTRAL CITY SUBURBAN
DIVIDE ISD,133905,H,RURAL
DODD CITY ISD,074904,F,NON-METROPOLITAN FAST GROWING
DONNA ISD,108902,D,OTHER CENTRAL CITY SUBURBAN
DOSS CONSOLIDATED CSD,086024,H,RURAL
DOUGLASS ISD,174911,F,NON-METROPOLITAN FAST GROWING
DR M L GARZA-GONZALEZ CHARTER SCHO,178801,I,CHARTER SCHOOL DISTRICTS
DRAW ACADEMY,101856,I,CHARTER SCHOOL DISTRICTS
DRIPPING SPRINGS ISD,105904,B,MAJOR SUBURBAN
DRISCOLL ISD,178905,H,RURAL
DUBLIN ISD,072902,G,NON-METROPOLITAN STABLE
DUMAS ISD,171901,G,NON-METROPOLITAN STABLE
DUNCANVILLE ISD,057907,B,MAJOR SUBURBAN
EAGLE MT-SAGINAW ISD,220918,B,MAJOR SUBURBAN
EAGLE PASS ISD,159901,D,OTHER CENTRAL CITY SUBURBAN
EANES ISD,227909,B,MAJOR SUBURBAN
EARLY ISD,025909,G,NON-METROPOLITAN STABLE
EAST BERNARD ISD,241902,D,OTHER CENTRAL CITY SUBURBAN
EAST CENTRAL ISD,015911,B,MAJOR SUBURBAN
EAST CHAMBERS ISD,036903,E,INDEPENDENT TOWN
EAST FORT WORTH MONTESSORI ACADEMY,220811,I,CHARTER SCHOOL DISTRICTS
EAST TEXAS CHARTER SCHOOLS,092801,I,CHARTER SCHOOL DISTRICTS
EASTLAND ISD,067903,G,NON-METROPOLITAN STABLE
ECTOR COUNTY ISD,068901,C,OTHER CENTRAL CITY
ECTOR ISD,074905,H,RURAL
EDCOUCH-ELSA ISD,108903,D,OTHER CENTRAL CITY SUBURBAN
EDEN CISD,048901,H,RURAL
EDGEWOOD ISD,015905,B,MAJOR SUBURBAN
EDGEWOOD ISD,234903,G,NON-METROPOLITAN STABLE
EDINBURG CISD,108904,C,OTHER CENTRAL CITY
EDNA ISD,120901,G,NON-METROPOLITAN STABLE
EDUCATION CENTER INTERNATIONAL ACA,057833,I,CHARTER SCHOOL DISTRICTS
EHRHART SCHOOL,123805,I,CHARTER SCHOOL DISTRICTS
EL CAMPO ISD,241903,E,INDEPENDENT TOWN
EL PASO ACADEMY,071804,I,CHARTER SCHOOL DISTRICTS
EL PASO ISD,071902,A,MAJOR URBAN
EL PASO LEADERSHIP ACADEMY,071810,I,CHARTER SCHOOL DISTRICTS
ELEANOR KOLITZ HEBREW LANGUAGE ACA,015836,I,CHARTER SCHOOL DISTRICTS
ELECTRA ISD,243902,H,RURAL
ELGIN ISD,011902,G,NON-METROPOLITAN STABLE
ELKHART ISD,001903,G,NON-METROPOLITAN STABLE
ELYSIAN FIELDS ISD,102906,G,NON-METROPOLITAN STABLE
ENNIS ISD,070903,C,OTHER CENTRAL CITY
ERA ISD,049906,H,RURAL
ERATH EXCELS ACADEMY INC,072802,I,CHARTER SCHOOL DISTRICTS
ETOILE ISD,174910,H,RURAL
EULA ISD,030906,H,RURAL
EUSTACE ISD,107905,G,NON-METROPOLITAN STABLE
EVADALE ISD,121906,H,RURAL
EVANT ISD,050901,E,INDEPENDENT TOWN
EVERMAN ISD,220904,B,MAJOR SUBURBAN
EVOLUTION ACADEMY CHARTER SCHOOL,057834,I,CHARTER SCHOOL DISTRICTS
EXCEL ACADEMY,101811,I,CHARTER SCHOOL DISTRICTS
EXCELLENCE IN LEADERSHIP ACADEMY,108809,I,CHARTER SCHOOL DISTRICTS
EXCELSIOR ISD,210906,H,RURAL
EZZELL ISD,143906,H,RURAL
FABENS ISD,071903,G,NON-METROPOLITAN STABLE
FAIRFIELD ISD,081902,G,NON-METROPOLITAN STABLE
FAITH FAMILY ACADEMY OF OAK CLIFF,057815,I,CHARTER SCHOOL DISTRICTS
FALLBROOK COLLEGE PREPARATORY ACAD,101867,I,CHARTER SCHOOL DISTRICTS
FALLS CITY ISD,128904,H,RURAL
FANNINDEL ISD,060914,H,RURAL
FARMERSVILLE ISD,043904,G,NON-METROPOLITAN STABLE
FARWELL ISD,185902,H,RURAL
FAYETTEVILLE ISD,075906,H,RURAL
FERRIS ISD,070905,B,MAJOR SUBURBAN
FLATONIA ISD,075901,H,RURAL
FLORENCE ISD,246902,G,NON-METROPOLITAN STABLE
FLORESVILLE ISD,247901,E,INDEPENDENT TOWN
FLOUR BLUFF ISD,178914,D,OTHER CENTRAL CITY SUBURBAN
FLOYDADA ISD,077901,H,RURAL
FOCUS LEARNING ACADEMY,057817,I,CHARTER SCHOOL DISTRICTS
FOLLETT ISD,148902,H,RURAL
FORESTBURG ISD,169910,H,RURAL
FORNEY ISD,129902,B,MAJOR SUBURBAN
FORSAN ISD,114904,H,RURAL
FORT BEND ISD,079907,B,MAJOR SUBURBAN
FORT ELLIOTT CISD,242906,H,RURAL
FORT STOCKTON ISD,186902,G,NON-METROPOLITAN STABLE
FORT WORTH ACADEMY OF FINE ARTS,220809,I,CHARTER SCHOOL DISTRICTS
FORT WORTH ISD,220905,A,MAJOR URBAN
FRANKLIN ISD,198903,D,OTHER CENTRAL CITY SUBURBAN
FRANKSTON ISD,001904,H,RURAL
FREDERICKSBURG ISD,086901,E,INDEPENDENT TOWN
FREER ISD,066903,H,RURAL
FRENSHIP ISD,152907,D,OTHER CENTRAL CITY SUBURBAN
FRIENDSWOOD ISD,084911,G,NON-METROPOLITAN STABLE
FRIONA ISD,185903,G,NON-METROPOLITAN STABLE
FRISCO ISD,043905,C,OTHER CENTRAL CITY
FROST ISD,175905,H,RURAL
FRUITVALE ISD,234909,H,RURAL
FT DAVIS ISD,122901,H,RURAL
FT HANCOCK ISD,115901,H,RURAL
FT SAM HOUSTON ISD,015914,G,NON-METROPOLITAN STABLE
GAINESVILLE ISD,049901,E,INDEPENDENT TOWN
GALENA PARK ISD,101910,B,MAJOR SUBURBAN
GALVESTON ISD,084902,C,OTHER CENTRAL CITY
GANADO ISD,120902,H,RURAL
GARLAND ISD,057909,B,MAJOR SUBURBAN
GARNER ISD,184911,H,RURAL
GARRISON ISD,174903,H,RURAL
GARY ISD,183904,H,RURAL
GATESVILLE ISD,050902,D,OTHER CENTRAL CITY SUBURBAN
GATEWAY ACADEMY CHARTER DISTRICT,240801,I,CHARTER SCHOOL DISTRICTS
GATEWAY CHARTER ACADEMY,057831,I,CHARTER SCHOOL DISTRICTS
GAUSE ISD,166902,H,RURAL
GEORGE GERVIN ACADEMY,015802,I,CHARTER SCHOOL DISTRICTS
GEORGE I SANCHEZ CHARTER,101804,I,CHARTER SCHOOL DISTRICTS
GEORGE WEST ISD,149901,G,NON-METROPOLITAN STABLE
GEORGETOWN ISD,246904,C,OTHER CENTRAL CITY
GHOLSON ISD,161925,H,RURAL
GIDDINGS ISD,144901,G,NON-METROPOLITAN STABLE
GILMER ISD,230902,D,OTHER CENTRAL CITY SUBURBAN
GIRLS & BOYS PREPARATORY ACADEMY,101805,I,CHARTER SCHOOL DISTRICTS
GLADEWATER ISD,092901,D,OTHER CENTRAL CITY SUBURBAN
GLASSCOCK COUNTY ISD,087901,H,RURAL
GLEN ROSE ISD,213901,G,NON-METROPOLITAN STABLE
GLOBAL LEARNING VILLAGE,101866,I,CHARTER SCHOOL DISTRICTS
GODLEY ISD,126911,B,MAJOR SUBURBAN
GOLD BURG ISD,169906,H,RURAL
GOLDEN RULE CHARTER SCHOOL,057835,I,CHARTER SCHOOL DISTRICTS
GOLDTHWAITE ISD,167901,H,RURAL
GOLIAD ISD,088902,G,NON-METROPOLITAN STABLE
GONZALES ISD,089901,G,NON-METROPOLITAN STABLE
GOODRICH ISD,187903,H,RURAL
GOOSE CREEK CISD,101911,B,MAJOR SUBURBAN
GORDON ISD,182901,H,RURAL
GORMAN ISD,067904,H,RURAL
GRADY ISD,156905,H,RURAL
GRAFORD ISD,182902,H,RURAL
GRAHAM ISD,252901,G,NON-METROPOLITAN STABLE
GRANBURY ISD,111901,D,OTHER CENTRAL CITY SUBURBAN
GRAND PRAIRIE ISD,057910,B,MAJOR SUBURBAN
GRAND SALINE ISD,234904,G,NON-METROPOLITAN STABLE
GRANDFALLS-ROYALTY ISD,238904,H,RURAL
GRANDVIEW ISD,126904,G,NON-METROPOLITAN STABLE
GRANDVIEW-HOPKINS ISD,090905,H,RURAL
GRANGER ISD,246905,H,RURAL
GRAPE CREEK ISD,226907,D,OTHER CENTRAL CITY SUBURBAN
GRAPELAND ISD,113902,H,RURAL
GRAPEVINE-COLLEYVILLE ISD,220906,B,MAJOR SUBURBAN
GREAT HEARTS TEXAS,015835,I,CHARTER SCHOOL DISTRICTS
GREENVILLE ISD,116905,E,INDEPENDENT TOWN
GREENWOOD ISD,165902,D,OTHER CENTRAL CITY SUBURBAN
GREGORY-PORTLAND ISD,205902,D,OTHER CENTRAL CITY SUBURBAN
GROESBECK ISD,147902,G,NON-METROPOLITAN STABLE
GROOM ISD,033901,H,RURAL
GROVETON ISD,228901,H,RURAL
GRUVER ISD,098901,H,RURAL
GUNTER ISD,091917,H,RURAL
GUSTINE ISD,047903,H,RURAL
GUTHRIE CSD,135001,H,RURAL
HALE CENTER ISD,095903,H,RURAL
HALLETTSVILLE ISD,143901,F,NON-METROPOLITAN FAST GROWING
HALLSBURG ISD,161924,H,RURAL
HALLSVILLE ISD,102904,D,OTHER CENTRAL CITY SUBURBAN
HAMILTON ISD,097902,H,RURAL
HAMLIN ISD,127903,H,RURAL
HAMSHIRE-FANNETT ISD,123914,D,OTHER CENTRAL CITY SUBURBAN
HAPPY ISD,219901,H,RURAL
HARDIN ISD,146904,G,NON-METROPOLITAN STABLE
HARDIN-JEFFERSON ISD,100905,D,OTHER CENTRAL CITY SUBURBAN
HARLANDALE ISD,015904,B,MAJOR SUBURBAN
HARLETON ISD,102905,H,RURAL
HARLINGEN CISD,031903,D,OTHER CENTRAL CITY SUBURBAN
HARMONY ISD,230905,E,INDEPENDENT TOWN
HARMONY SCHOOL OF EXCELLENCE,101858,I,CHARTER SCHOOL DISTRICTS
HARMONY SCHOOL OF SCIENCE - HOUSTO,101862,I,CHARTER SCHOOL DISTRICTS
HARMONY SCIENCE ACAD (EL PASO),071806,I,CHARTER SCHOOL DISTRICTS
HARMONY SCIENCE ACAD (SAN ANTONIO),015828,I,CHARTER SCHOOL DISTRICTS
HARMONY SCIENCE ACAD (WACO),161807,I,CHARTER SCHOOL DISTRICTS
HARMONY SCIENCE ACADEMY,101846,I,CHARTER SCHOOL DISTRICTS
HARMONY SCIENCE ACADEMY (AUSTIN),227816,I,CHARTER SCHOOL DISTRICTS
HARPER ISD,086902,H,RURAL
HARROLD ISD,244901,H,RURAL
HART ISD,035902,H,RURAL
HARTLEY ISD,103902,H,RURAL
HARTS BLUFF ISD,225907,F,NON-METROPOLITAN FAST GROWING
HASKELL CISD,104901,H,RURAL
HAWKINS ISD,250902,H,RURAL
HAWLEY ISD,127904,H,RURAL
HAYS CISD,105906,B,MAJOR SUBURBAN
HEARNE ISD,198905,D,OTHER CENTRAL CITY SUBURBAN
HEDLEY ISD,065902,H,RURAL
HEMPHILL ISD,202903,G,NON-METROPOLITAN STABLE
HEMPSTEAD ISD,237902,G,NON-METROPOLITAN STABLE
HENDERSON ISD,201902,E,INDEPENDENT TOWN
HENRIETTA ISD,039902,D,OTHER CENTRAL CITY SUBURBAN
HENRY FORD ACADEMY ALAMEDA SCHOOL,015833,I,CHARTER SCHOOL DISTRICTS
HEREFORD ISD,059901,D,OTHER CENTRAL CITY SUBURBAN
HERMLEIGH ISD,208901,H,RURAL
HICO ISD,097903,H,RURAL
HIDALGO ISD,108905,D,OTHER CENTRAL CITY SUBURBAN
HIGGINS ISD,148903,H,RURAL
HIGGS CARTER KING GIFTED & TALENTE,015803,I,CHARTER SCHOOL DISTRICTS
HIGH ISLAND ISD,084903,H,RURAL
HIGHLAND ISD,177905,H,RURAL
HIGHLAND PARK ISD,057911,B,MAJOR SUBURBAN
HIGHLAND PARK ISD,188903,G,NON-METROPOLITAN STABLE
HILLSBORO ISD,109904,E,INDEPENDENT TOWN
HITCHCOCK ISD,084908,D,OTHER CENTRAL CITY SUBURBAN
HOLLAND ISD,014905,F,NON-METROPOLITAN FAST GROWING
HOLLIDAY ISD,005902,D,OTHER CENTRAL CITY SUBURBAN
HONDO ISD,163904,E,INDEPENDENT TOWN
HONEY GROVE ISD,074907,H,RURAL
HOOKS ISD,019902,H,RURAL
HOUSTON GATEWAY ACADEMY INC,101828,I,CHARTER SCHOOL DISTRICTS
HOUSTON HEIGHTS HIGH SCHOOL,101821,I,CHARTER SCHOOL DISTRICTS
HOUSTON HEIGHTS LEARNING ACADEMY I,101829,I,CHARTER SCHOOL DISTRICTS
HOUSTON ISD,101912,A,MAJOR URBAN
HOWE ISD,091905,D,OTHER CENTRAL CITY SUBURBAN
HUBBARD ISD,019913,H,RURAL
HUBBARD ISD,109905,H,RURAL
HUCKABAY ISD,072908,H,RURAL
HUDSON ISD,003902,G,NON-METROPOLITAN STABLE
HUFFMAN ISD,101925,G,NON-METROPOLITAN STABLE
HUGHES SPRINGS ISD,034903,E,INDEPENDENT TOWN
HULL-DAISETTA ISD,146905,H,RURAL
HUMBLE ISD,101913,B,MAJOR SUBURBAN
HUNT ISD,133902,H,RURAL
HUNTINGTON ISD,003904,G,NON-METROPOLITAN STABLE
HUNTSVILLE ISD,236902,E,INDEPENDENT TOWN
HURST-EULESS-BEDFORD ISD,220916,B,MAJOR SUBURBAN
HUTTO ISD,246906,D,OTHER CENTRAL CITY SUBURBAN
IDALOU ISD,152910,D,OTHER CENTRAL CITY SUBURBAN
IDEA PUBLIC SCHOOLS,108807,I,CHARTER SCHOOL DISTRICTS
IGNITE PUBLIC SCHOOLS AND COMMUNIT,108801,I,CHARTER SCHOOL DISTRICTS
IMAGINE INTERNATIONAL ACADEMY OF N,043801,I,CHARTER SCHOOL DISTRICTS
INDUSTRIAL ISD,120905,G,NON-METROPOLITAN STABLE
INGLESIDE ISD,205903,D,OTHER CENTRAL CITY SUBURBAN
INGRAM ISD,133904,G,NON-METROPOLITAN STABLE
INSPIRED VISION ACADEMY,057830,I,CHARTER SCHOOL DISTRICTS
INTERNATIONAL LEADERSHIP OF TEXAS,057848,I,CHARTER SCHOOL DISTRICTS
IOLA ISD,093903,H,RURAL
IOWA PARK CISD,243903,D,OTHER CENTRAL CITY SUBURBAN
IRA ISD,208903,H,RURAL
IRAAN-SHEFFIELD ISD,186903,H,RURAL
IREDELL ISD,018906,H,RURAL
IRION COUNTY ISD,118902,H,RURAL
IRVING ISD,057912,B,MAJOR SUBURBAN
ITALY ISD,070907,H,RURAL
ITASCA ISD,109907,H,RURAL
JACKSBORO ISD,119902,G,NON-METROPOLITAN STABLE
JACKSONVILLE ISD,037904,E,INDEPENDENT TOWN
JARRELL ISD,246907,F,NON-METROPOLITAN FAST GROWING
JASPER ISD,121904,E,INDEPENDENT TOWN
JAYTON-GIRARD ISD,132902,H,RURAL
JEAN MASSIEU ACADEMY,057819,I,CHARTER SCHOOL DISTRICTS
JEFFERSON ISD,155901,G,NON-METROPOLITAN STABLE
JIM HOGG COUNTY ISD,124901,G,NON-METROPOLITAN STABLE
JIM NED CISD,221911,G,NON-METROPOLITAN STABLE
JOAQUIN ISD,210902,H,RURAL
JOHN H WOOD JR PUBLIC CHARTER DIST,015808,I,CHARTER SCHOOL DISTRICTS
JOHNSON CITY ISD,016901,H,RURAL
JONESBORO ISD,050909,H,RURAL
JOSHUA ISD,126905,D,OTHER CENTRAL CITY SUBURBAN
JOURDANTON ISD,007902,F,NON-METROPOLITAN FAST GROWING
JUBILEE ACADEMIC CENTER,015822,I,CHARTER SCHOOL DISTRICTS
JUDSON ISD,015916,B,MAJOR SUBURBAN
JUNCTION ISD,134901,H,RURAL
KARNACK ISD,102901,H,RURAL
KARNES CITY ISD,128901,G,NON-METROPOLITAN STABLE
KATHERINE ANNE PORTER SCHOOL,105801,I,CHARTER SCHOOL DISTRICTS
KATY ISD,101914,B,MAJOR SUBURBAN
KAUFMAN ISD,129903,D,OTHER CENTRAL CITY SUBURBAN
KEENE ISD,126906,G,NON-METROPOLITAN STABLE
KELLER ISD,220907,B,MAJOR SUBURBAN
KELTON ISD,242905,H,RURAL
KEMP ISD,129904,D,OTHER CENTRAL CITY SUBURBAN
KENEDY COUNTY WIDE CSD,131001,H,RURAL
KENEDY ISD,128902,H,RURAL
KENNARD ISD,113906,H,RURAL
KENNEDALE ISD,220914,B,MAJOR SUBURBAN
KERENS ISD,175907,H,RURAL
KERMIT ISD,248901,D,OTHER CENTRAL CITY SUBURBAN
KERRVILLE ISD,133903,E,INDEPENDENT TOWN
KILGORE ISD,092902,D,OTHER CENTRAL CITY SUBURBAN
KILLEEN ISD,014906,C,OTHER CENTRAL CITY
KINGSVILLE ISD,137901,E,INDEPENDENT TOWN
KIPP AUSTIN PUBLIC SCHOOLS INC,227820,I,CHARTER SCHOOL DISTRICTS
KIPP DALLAS-FORT WORTH,057837,I,CHARTER SCHOOL DISTRICTS
KIPP INC CHARTER,101813,I,CHARTER SCHOOL DISTRICTS
KIPP SAN ANTONIO,015826,I,CHARTER SCHOOL DISTRICTS
KIRBYVILLE CISD,121905,G,NON-METROPOLITAN STABLE
KLEIN ISD,101915,B,MAJOR SUBURBAN
KLONDIKE ISD,058905,H,RURAL
KNIPPA ISD,232901,F,NON-METROPOLITAN FAST GROWING
KNOX CITY-O'BRIEN CISD,138902,H,RURAL
KOPPERL ISD,018907,H,RURAL
KOUNTZE ISD,100903,G,NON-METROPOLITAN STABLE
KRESS ISD,219905,H,RURAL
KRUM ISD,061905,D,OTHER CENTRAL CITY SUBURBAN
LA ACADEMIA DE ESTRELLAS,057839,I,CHARTER SCHOOL DISTRICTS
LA AMISTAD LOVE & LEARNING ACADEMY,101833,I,CHARTER SCHOOL DISTRICTS
LA FE PREPARATORY SCHOOL,071807,I,CHARTER SCHOOL DISTRICTS
LA FERIA ISD,031905,G,NON-METROPOLITAN STABLE
LA GLORIA ISD,125906,H,RURAL
LA GRANGE ISD,075902,E,INDEPENDENT TOWN
LA JOYA ISD,108912,C,OTHER CENTRAL CITY
LA MARQUE ISD,084904,D,OTHER CENTRAL CITY SUBURBAN
LA PORTE ISD,101916,B,MAJOR SUBURBAN
LA PRYOR ISD,254902,H,RURAL
LA VEGA ISD,161906,D,OTHER CENTRAL CITY SUBURBAN
LA VERNIA ISD,247903,E,INDEPENDENT TOWN
LA VILLA ISD,108914,H,RURAL
LACKLAND ISD,015913,G,NON-METROPOLITAN STABLE
LAGO VISTA ISD,227912,G,NON-METROPOLITAN STABLE
LAKE DALLAS ISD,061912,D,OTHER CENTRAL CITY SUBURBAN
LAKE TRAVIS ISD,227913,B,MAJOR SUBURBAN
LAKE WORTH ISD,220910,B,MAJOR SUBURBAN
LAMAR CISD,079901,C,OTHER CENTRAL CITY
LAMESA ISD,058906,G,NON-METROPOLITAN STABLE
LAMPASAS ISD,141901,D,OTHER CENTRAL CITY SUBURBAN
LANCASTER ISD,057913,B,MAJOR SUBURBAN
LANEVILLE ISD,201903,H,RURAL
LAPOYNOR ISD,107910,H,RURAL
LAREDO ISD,240901,D,OTHER CENTRAL CITY SUBURBAN
LASARA ISD,245901,H,RURAL
LATEXO ISD,113905,H,RURAL
LAZBUDDIE ISD,185904,H,RURAL
LEADERSHIP PREP SCHOOL,061804,I,CHARTER SCHOOL DISTRICTS
LEAKEY ISD,193902,H,RURAL
LEANDER ISD,246913,B,MAJOR SUBURBAN
LEARY ISD,019914,H,RURAL
LEFORS ISD,090902,H,RURAL
LEGACY PREPARATORY,057846,I,CHARTER SCHOOL DISTRICTS
LEGGETT ISD,187906,H,RURAL
LEON ISD,145911,H,RURAL
LEONARD ISD,074909,G,NON-METROPOLITAN STABLE
LEVELLAND ISD,110902,G,NON-METROPOLITAN STABLE
LEVERETTS CHAPEL ISD,201904,H,RURAL
LEWISVILLE ISD,061902,B,MAJOR SUBURBAN
LEXINGTON ISD,144902,G,NON-METROPOLITAN STABLE
LIBERTY HILL ISD,246908,D,OTHER CENTRAL CITY SUBURBAN
LIBERTY ISD,146906,G,NON-METROPOLITAN STABLE
LIBERTY-EYLAU ISD,019908,G,NON-METROPOLITAN STABLE
LIFE SCHOOL,057807,I,CHARTER SCHOOL DISTRICTS
LIGHTHOUSE CHARTER SCHOOL,015825,I,CHARTER SCHOOL DISTRICTS
LINDALE ISD,212903,D,OTHER CENTRAL CITY SUBURBAN
LINDEN-KILDARE CISD,034905,H,RURAL
LINDSAY ISD,049907,H,RURAL
LINGLEVILLE ISD,072909,H,RURAL
LIPAN ISD,111902,H,RURAL
LITTLE CYPRESS-MAURICEVILLE CISD,181908,E,INDEPENDENT TOWN
LITTLE ELM ISD,061914,D,OTHER CENTRAL CITY SUBURBAN
LITTLEFIELD ISD,140904,G,NON-METROPOLITAN STABLE
LIVINGSTON ISD,187907,E,INDEPENDENT TOWN
LLANO ISD,150901,G,NON-METROPOLITAN STABLE
LOCKHART ISD,028902,D,OTHER CENTRAL CITY SUBURBAN
LOCKNEY ISD,077902,H,RURAL
LOHN ISD,160905,H,RURAL
LOMETA ISD,141902,H,RURAL
LONDON ISD,178906,F,NON-METROPOLITAN FAST GROWING
LONE OAK ISD,116906,G,NON-METROPOLITAN STABLE
LONGVIEW ISD,092903,C,OTHER CENTRAL CITY
LOOP ISD,083902,H,RURAL
LORAINE ISD,168902,H,RURAL
LORENA ISD,161907,G,NON-METROPOLITAN STABLE
LORENZO ISD,054902,H,RURAL
LOS FRESNOS CISD,031906,D,OTHER CENTRAL CITY SUBURBAN
LOUISE ISD,241906,H,RURAL
LOVEJOY ISD,043919,G,NON-METROPOLITAN STABLE
LOVELADY ISD,113903,H,RURAL
LUBBOCK ISD,152901,C,OTHER CENTRAL CITY
LUBBOCK-COOPER ISD,152906,D,OTHER CENTRAL CITY SUBURBAN
LUEDERS-AVOCA ISD,127905,H,RURAL
LUFKIN ISD,003903,E,INDEPENDENT TOWN
LULING ISD,028903,E,INDEPENDENT TOWN
LUMBERTON ISD,100907,D,OTHER CENTRAL CITY SUBURBAN
LUMIN EDUCATION,057805,I,CHARTER SCHOOL DISTRICTS
LYFORD CISD,245902,G,NON-METROPOLITAN STABLE
LYTLE ISD,007904,G,NON-METROPOLITAN STABLE
MABANK ISD,129905,D,OTHER CENTRAL CITY SUBURBAN
MADISONVILLE CISD,154901,G,NON-METROPOLITAN STABLE
MAGNOLIA ISD,170906,D,OTHER CENTRAL CITY SUBURBAN
MAINLAND PREPARATORY ACADEMY,084801,I,CHARTER SCHOOL DISTRICTS
MALAKOFF ISD,107906,G,NON-METROPOLITAN STABLE
MALONE ISD,109908,H,RURAL
MALTA ISD,019910,H,RURAL
MANARA ACADEMY,057844,I,CHARTER SCHOOL DISTRICTS
MANOR ISD,227907,B,MAJOR SUBURBAN
MANSFIELD ISD,220908,B,MAJOR SUBURBAN
MARATHON ISD,022902,H,RURAL
MARBLE FALLS ISD,027904,E,INDEPENDENT TOWN
MARFA ISD,189901,H,RURAL
MARION ISD,094904,D,OTHER CENTRAL CITY SUBURBAN
MARLIN ISD,073903,G,NON-METROPOLITAN STABLE
MARSHALL ISD,102902,E,INDEPENDENT TOWN
MART ISD,161908,H,RURAL
MARTINS MILL ISD,234905,H,RURAL
MARTINSVILLE ISD,174909,H,RURAL
MASON ISD,157901,H,RURAL
MATAGORDA ISD,158904,H,RURAL
MATHIS ISD,205904,G,NON-METROPOLITAN STABLE
MAUD ISD,019903,H,RURAL
MAY ISD,025905,H,RURAL
MAYPEARL ISD,070915,D,OTHER CENTRAL CITY SUBURBAN
MCALLEN ISD,108906,C,OTHER CENTRAL CITY
MCCAMEY ISD,231901,H,RURAL
MCDADE ISD,011905,H,RURAL
MCGREGOR ISD,161909,G,NON-METROPOLITAN STABLE
MCKINNEY ISD,043907,D,OTHER CENTRAL CITY SUBURBAN
MCLEAN ISD,090903,H,RURAL
MCLEOD ISD,034906,H,RURAL
MCMULLEN COUNTY ISD,162904,H,RURAL
MEADOW ISD,223902,F,NON-METROPOLITAN FAST GROWING
MEADOWLAND CHARTER SCHOOL,130801,I,CHARTER SCHOOL DISTRICTS
MEDICAL CENTER CHARTER SCHOOL,101801,I,CHARTER SCHOOL DISTRICTS
MEDINA ISD,010901,H,RURAL
MEDINA VALLEY ISD,163908,B,MAJOR SUBURBAN
MELISSA ISD,043908,F,NON-METROPOLITAN FAST GROWING
MEMPHIS ISD,096904,H,RURAL
MENARD ISD,164901,H,RURAL
MERCEDES ISD,108907,D,OTHER CENTRAL CITY SUBURBAN
MERIDIAN ISD,018902,H,RURAL
MERIDIAN WORLD SCHOOL LLC,246801,I,CHARTER SCHOOL DISTRICTS
MERKEL ISD,221904,D,OTHER CENTRAL CITY SUBURBAN
MESQUITE ISD,057914,B,MAJOR SUBURBAN
MEXIA ISD,147903,G,NON-METROPOLITAN STABLE
MEYERPARK ELEMENTARY,101855,I,CHARTER SCHOOL DISTRICTS
MEYERSVILLE ISD,062906,H,RURAL
MIAMI ISD,197902,H,RURAL
MIDLAND ACADEMY CHARTER SCHOOL,165802,I,CHARTER SCHOOL DISTRICTS
MIDLAND ISD,165901,C,OTHER CENTRAL CITY
MIDLOTHIAN ISD,070908,C,OTHER CENTRAL CITY
MIDVALLEY ACADEMY CHARTER DISTRICT,108804,I,CHARTER SCHOOL DISTRICTS
MIDWAY ISD,039905,H,RURAL
MIDWAY ISD,161903,D,OTHER CENTRAL CITY SUBURBAN
MILANO ISD,166903,H,RURAL
MILDRED ISD,175910,E,INDEPENDENT TOWN
MILES ISD,200902,H,RURAL
MILFORD ISD,070909,H,RURAL
MILLER GROVE ISD,112907,H,RURAL
MILLSAP ISD,184904,D,OTHER CENTRAL CITY SUBURBAN
MINEOLA ISD,250903,E,INDEPENDENT TOWN
MINERAL WELLS ISD,182903,E,INDEPENDENT TOWN
MISSION CISD,108908,D,OTHER CENTRAL CITY SUBURBAN
MONAHANS-WICKETT-PYOTE ISD,238902,D,OTHER CENTRAL CITY SUBURBAN
MONTAGUE ISD,169908,H,RURAL
MONTE ALTO ISD,108915,D,OTHER CENTRAL CITY SUBURBAN
MONTESSORI FOR ALL,227826,I,CHARTER SCHOOL DISTRICTS
MONTGOMERY ISD,170903,D,OTHER CENTRAL CITY SUBURBAN
MOODY ISD,161910,H,RURAL
MORAN ISD,209902,H,RURAL
MORGAN ISD,018903,H,RURAL
MORGAN MILL ISD,072910,H,RURAL
MORTON ISD,040901,H,RURAL
MOTLEY COUNTY ISD,173901,H,RURAL
MOULTON ISD,143902,H,RURAL
MOUNT CALM ISD,109910,H,RURAL
MOUNT ENTERPRISE ISD,201907,H,RURAL
MOUNT PLEASANT ISD,225902,E,INDEPENDENT TOWN
MOUNT VERNON ISD,080901,G,NON-METROPOLITAN STABLE
MUENSTER ISD,049902,H,RURAL
MULESHOE ISD,009901,G,NON-METROPOLITAN STABLE
MULLIN ISD,167902,H,RURAL
MUMFORD ISD,198906,H,RURAL
MUNDAY CISD,138903,H,RURAL
MURCHISON ISD,107908,H,RURAL
NACOGDOCHES ISD,174904,E,INDEPENDENT TOWN
NATALIA ISD,163903,G,NON-METROPOLITAN STABLE
NAVARRO ISD,094903,D,OTHER CENTRAL CITY SUBURBAN
NAVASOTA ISD,093904,D,OTHER CENTRAL CITY SUBURBAN
NAZARETH ISD,035903,H,RURAL
NECHES ISD,001906,H,RURAL
NEDERLAND ISD,123905,D,OTHER CENTRAL CITY SUBURBAN
NEEDVILLE ISD,079906,D,OTHER CENTRAL CITY SUBURBAN
NEW BOSTON ISD,019905,G,NON-METROPOLITAN STABLE
NEW BRAUNFELS ISD,046901,C,OTHER CENTRAL CITY
NEW CANEY ISD,170908,D,OTHER CENTRAL CITY SUBURBAN
NEW DEAL ISD,152902,H,RURAL
NEW DIANA ISD,230906,D,OTHER CENTRAL CITY SUBURBAN
NEW FRONTIERS CHARTER SCHOOL,015805,I,CHARTER SCHOOL DISTRICTS
NEW HOME ISD,153905,F,NON-METROPOLITAN FAST GROWING
NEW SUMMERFIELD ISD,037908,H,RURAL
NEW WAVERLY ISD,236901,G,NON-METROPOLITAN STABLE
NEWCASTLE ISD,252902,H,RURAL
NEWMAN INTERNATIONAL ACADEMY OF AR,220817,I,CHARTER SCHOOL DISTRICTS
NEWTON ISD,176902,G,NON-METROPOLITAN STABLE
NIXON-SMILEY CISD,089903,G,NON-METROPOLITAN STABLE
NOCONA ISD,169902,H,RURAL
NORDHEIM ISD,062902,H,RURAL
NORMANGEE ISD,145906,H,RURAL
NORTH EAST ISD,015910,A,MAJOR URBAN
NORTH HOPKINS ISD,112906,H,RURAL
NORTH LAMAR ISD,139911,E,INDEPENDENT TOWN
NORTH ZULCH ISD,154903,H,RURAL
NORTHSIDE ISD,015915,A,MAJOR URBAN
NORTHSIDE ISD,244905,H,RURAL
NORTHWEST ISD,061911,D,OTHER CENTRAL CITY SUBURBAN
NORTHWEST PREPARATORY,101848,I,CHARTER SCHOOL DISTRICTS
NOVA ACADEMY,057809,I,CHARTER SCHOOL DISTRICTS
NOVA ACADEMY (SOUTHEAST),057827,I,CHARTER SCHOOL DISTRICTS
NUECES CANYON CISD,069902,H,RURAL
NURSERY ISD,235904,H,RURAL
NYOS CHARTER SCHOOL,227804,I,CHARTER SCHOOL DISTRICTS
O'DONNELL ISD,153903,H,RURAL
OAKWOOD ISD,145907,H,RURAL
ODEM-EDROY ISD,205905,G,NON-METROPOLITAN STABLE
ODYSSEY ACADEMY INC,084802,I,CHARTER SCHOOL DISTRICTS
OGLESBY ISD,050904,H,RURAL
OLFEN ISD,200906,H,RURAL
OLNEY ISD,252903,H,RURAL
OLTON ISD,140905,H,RURAL
ONALASKA ISD,187910,G,NON-METROPOLITAN STABLE
ORANGE GROVE ISD,125903,G,NON-METROPOLITAN STABLE
ORANGEFIELD ISD,181905,D,OTHER CENTRAL CITY SUBURBAN
ORE CITY ISD,230903,G,NON-METROPOLITAN STABLE
ORENDA CHARTER SCHOOL,014804,I,CHARTER SCHOOL DISTRICTS
OVERTON ISD,201908,H,RURAL
PADUCAH ISD,051901,H,RURAL
PAINT CREEK ISD,104907,H,RURAL
PAINT ROCK ISD,048903,H,RURAL
PALACIOS ISD,158905,G,NON-METROPOLITAN STABLE
PALESTINE ISD,001907,E,INDEPENDENT TOWN
PALMER ISD,070910,D,OTHER CENTRAL CITY SUBURBAN
PALO PINTO ISD,182906,H,RURAL
PAMPA ISD,090904,G,NON-METROPOLITAN STABLE
PANHANDLE ISD,033902,H,RURAL
PANOLA CHARTER SCHOOL,183801,I,CHARTER SCHOOL DISTRICTS
PANTHER CREEK CISD,042905,H,RURAL
PARADISE ISD,249906,G,NON-METROPOLITAN STABLE
PARIS ISD,139909,E,INDEPENDENT TOWN
PASADENA ISD,101917,B,MAJOR SUBURBAN
PASO DEL NORTE ACADEMY CHARTER DIS,071803,I,CHARTER SCHOOL DISTRICTS
PATTON SPRINGS ISD,063906,H,RURAL
PAWNEE ISD,013902,H,RURAL
PEARLAND ISD,020908,B,MAJOR SUBURBAN
PEARSALL ISD,082903,G,NON-METROPOLITAN STABLE
PEASTER ISD,184908,D,OTHER CENTRAL CITY SUBURBAN
PECOS-BARSTOW-TOYAH ISD,195901,G,NON-METROPOLITAN STABLE
PEGASUS SCHOOL OF LIBERAL ARTS AND,057802,I,CHARTER SCHOOL DISTRICTS
PENELOPE ISD,109914,H,RURAL
PERRIN-WHITT CISD,119903,H,RURAL
PERRYTON ISD,179901,G,NON-METROPOLITAN STABLE
PETERSBURG ISD,095904,H,RURAL
PETROLIA ISD,039903,H,RURAL
PETTUS ISD,013903,H,RURAL
PEWITT CISD,172905,G,NON-METROPOLITAN STABLE
PFLUGERVILLE ISD,227904,B,MAJOR SUBURBAN
PHARR-SAN JUAN-ALAMO ISD,108909,C,OTHER CENTRAL CITY
PHOENIX CHARTER SCHOOL,116801,I,CHARTER SCHOOL DISTRICTS
PILOT POINT ISD,061903,D,OTHER CENTRAL CITY SUBURBAN
PINE TREE ISD,092904,D,OTHER CENTRAL CITY SUBURBAN
PINEYWOODS COMMUNITY ACADEMY,003801,I,CHARTER SCHOOL DISTRICTS
PITTSBURG ISD,032902,G,NON-METROPOLITAN STABLE
PLAINS ISD,251902,H,RURAL
PLAINVIEW ISD,095905,E,INDEPENDENT TOWN
PLANO ISD,043910,B,MAJOR SUBURBAN
PLEASANT GROVE ISD,019912,G,NON-METROPOLITAN STABLE
PLEASANTON ISD,007905,E,INDEPENDENT TOWN
PLEMONS-STINNETT-PHILLIPS CISD,117904,H,RURAL
POINT ISABEL ISD,031909,D,OTHER CENTRAL CITY SUBURBAN
PONDER ISD,061906,D,OTHER CENTRAL CITY SUBURBAN
POOLVILLE ISD,184901,H,RURAL
POR VIDA ACADEMY,015801,I,CHARTER SCHOOL DISTRICTS
PORT ARANSAS ISD,178908,H,RURAL
PORT ARTHUR ISD,123907,D,OTHER CENTRAL CITY SUBURBAN
PORT NECHES-GROVES ISD,123908,D,OTHER CENTRAL CITY SUBURBAN
POSITIVE SOLUTIONS CHARTER SCHOOL,015814,I,CHARTER SCHOOL DISTRICTS
POST ISD,085902,G,NON-METROPOLITAN STABLE
POTEET ISD,007906,G,NON-METROPOLITAN STABLE
POTH ISD,247904,H,RURAL
POTTSBORO ISD,091913,D,OTHER CENTRAL CITY SUBURBAN
PRAIRIE LEA ISD,028906,H,RURAL
PRAIRIE VALLEY ISD,169909,H,RURAL
PRAIRILAND ISD,139912,G,NON-METROPOLITAN STABLE
PREMIER HIGH SCHOOLS,072801,I,CHARTER SCHOOL DISTRICTS
PREMIER LEARNING ACADEMY,084805,I,CHARTER SCHOOL DISTRICTS
PREMONT ISD,125905,H,RURAL
PRESIDIO ISD,189902,G,NON-METROPOLITAN STABLE
PRIDDY ISD,167904,H,RURAL
PRIME PREP ACADEMY,220818,I,CHARTER SCHOOL DISTRICTS
PRINCETON ISD,043911,F,NON-METROPOLITAN FAST GROWING
PRINGLE-MORSE CISD,098903,H,RURAL
PRIORITY CHARTER SCHOOLS,014803,I,CHARTER SCHOOL DISTRICTS
PROGRESO ISD,108910,G,NON-METROPOLITAN STABLE
PROMISE COMMUNITY SCHOOL,101853,I,CHARTER SCHOOL DISTRICTS
PROSPER ISD,043912,D,OTHER CENTRAL CITY SUBURBAN
QUANAH ISD,099903,H,RURAL
QUEEN CITY ISD,034907,G,NON-METROPOLITAN STABLE
QUINLAN ISD,116908,D,OTHER CENTRAL CITY SUBURBAN
QUITMAN ISD,250904,E,INDEPENDENT TOWN
RADIANCE ACADEMY OF LEARNING,015815,I,CHARTER SCHOOL DISTRICTS
RAINS ISD,190903,G,NON-METROPOLITAN STABLE
RALLS ISD,054903,H,RURAL
RAMIREZ CSD,066005,H,RURAL
RANCH ACADEMY,234801,I,CHARTER SCHOOL DISTRICTS
RANDOLPH FIELD ISD,015906,G,NON-METROPOLITAN STABLE
RANGER ISD,067907,H,RURAL
RANKIN ISD,231902,H,RURAL
RAPOPORT ACADEMY PUBLIC SCHOOL,161802,I,CHARTER SCHOOL DISTRICTS
RAUL YZAGUIRRE SCHOOL FOR SUCCESS,101806,I,CHARTER SCHOOL DISTRICTS
RAVEN SCHOOL,236801,I,CHARTER SCHOOL DISTRICTS
RAYMONDVILLE ISD,245903,D,OTHER CENTRAL CITY SUBURBAN
REAGAN COUNTY ISD,192901,D,OTHER CENTRAL CITY SUBURBAN
RED LICK ISD,019911,F,NON-METROPOLITAN FAST GROWING
RED OAK ISD,070911,C,OTHER CENTRAL CITY
REDWATER ISD,019906,G,NON-METROPOLITAN STABLE
REFUGIO ISD,196903,H,RURAL
RICARDO ISD,137902,H,RURAL
RICE CISD,045903,G,NON-METROPOLITAN STABLE
RICE ISD,175911,D,OTHER CENTRAL CITY SUBURBAN
RICHARD MILBURN ALTER HIGH SCHOOL,014801,I,CHARTER SCHOOL DISTRICTS
RICHARDS ISD,093905,H,RURAL
RICHARDSON ISD,057916,B,MAJOR SUBURBAN
RICHLAND COLLEGIATE HIGH SCHOOL,057840,I,CHARTER SCHOOL DISTRICTS
RICHLAND SPRINGS ISD,206902,H,RURAL
RIESEL ISD,161912,H,RURAL
RIO GRANDE CITY CISD,214901,D,OTHER CENTRAL CITY SUBURBAN
RIO HONDO ISD,031911,G,NON-METROPOLITAN STABLE
RIO VISTA ISD,126907,H,RURAL
RISE ACADEMY,152802,I,CHARTER SCHOOL DISTRICTS
RISING STAR ISD,067908,H,RURAL
RIVER ROAD ISD,188902,D,OTHER CENTRAL CITY SUBURBAN
RIVERCREST ISD,194903,H,RURAL
RIVIERA ISD,137903,H,RURAL
ROBERT LEE ISD,041902,H,RURAL
ROBINSON ISD,161922,D,OTHER CENTRAL CITY SUBURBAN
ROBSTOWN ISD,178909,G,NON-METROPOLITAN STABLE
ROBY CISD,076903,H,RURAL
ROCHELLE ISD,160904,H,RURAL
ROCKDALE ISD,166904,G,NON-METROPOLITAN STABLE
ROCKSPRINGS ISD,069901,H,RURAL
ROCKWALL ISD,199901,D,OTHER CENTRAL CITY SUBURBAN
ROGERS ISD,014907,H,RURAL
ROMA ISD,214903,E,INDEPENDENT TOWN
ROOSEVELT ISD,152908,D,OTHER CENTRAL CITY SUBURBAN
ROPES ISD,110905,H,RURAL
ROSCOE COLLEGIATE ISD,177901,F,NON-METROPOLITAN FAST GROWING
ROSEBUD-LOTT ISD,073905,H,RURAL
ROTAN ISD,076904,H,RURAL
ROUND ROCK ISD,246909,B,MAJOR SUBURBAN
ROUND TOP-CARMINE ISD,075908,H,RURAL
ROXTON ISD,139908,H,RURAL
ROYAL ISD,237905,D,OTHER CENTRAL CITY SUBURBAN
ROYSE CITY ISD,199902,D,OTHER CENTRAL CITY SUBURBAN
RULE ISD,104903,H,RURAL
RUNGE ISD,128903,H,RURAL
RUSK ISD,037907,G,NON-METROPOLITAN STABLE
S AND S CISD,091914,H,RURAL
SABINAL ISD,232902,H,RURAL
SABINE ISD,092906,D,OTHER CENTRAL CITY SUBURBAN
SABINE PASS ISD,123913,F,NON-METROPOLITAN FAST GROWING
SAINT JO ISD,169911,H,RURAL
SALADO ISD,014908,D,OTHER CENTRAL CITY SUBURBAN
SALTILLO ISD,112909,H,RURAL
SAM RAYBURN ISD,074917,H,RURAL
SAN ANGELO ISD,226903,C,OTHER CENTRAL CITY
SAN ANTONIO ISD,015907,A,MAJOR URBAN
SAN ANTONIO SCHOOL FOR INQUIRY & C,015820,I,CHARTER SCHOOL DISTRICTS
SAN ANTONIO TECHNOLOGY ACADEMY,015823,I,CHARTER SCHOOL DISTRICTS
SAN AUGUSTINE ISD,203901,H,RURAL
SAN BENITO CISD,031912,D,OTHER CENTRAL CITY SUBURBAN
SAN DIEGO ISD,066902,G,NON-METROPOLITAN STABLE
SAN ELIZARIO ISD,071904,B,MAJOR SUBURBAN
SAN FELIPE-DEL RIO CISD,233901,E,INDEPENDENT TOWN
SAN ISIDRO ISD,214902,H,RURAL
SAN MARCOS CISD,105902,C,OTHER CENTRAL CITY
SAN PERLITA ISD,245904,H,RURAL
SAN SABA ISD,206901,H,RURAL
SAN VICENTE ISD,022903,H,RURAL
SANDS CISD,058909,H,RURAL
SANFORD-FRITCH ISD,117903,H,RURAL
SANGER ISD,061908,D,OTHER CENTRAL CITY SUBURBAN
SANTA ANNA ISD,042903,H,RURAL
SANTA FE ISD,084909,D,OTHER CENTRAL CITY SUBURBAN
SANTA GERTRUDIS ISD,137904,F,NON-METROPOLITAN FAST GROWING
SANTA MARIA ISD,031913,H,RURAL
SANTA ROSA ISD,031914,G,NON-METROPOLITAN STABLE
SANTO ISD,182904,H,RURAL
SAVOY ISD,074911,H,RURAL
SCHERTZ-CIBOLO-U CITY ISD,094902,C,OTHER CENTRAL CITY
SCHLEICHER ISD,207901,H,RURAL
SCHOOL OF EXCELLENCE IN EDUCATION,015806,I,CHARTER SCHOOL DISTRICTS
SCHOOL OF SCIENCE AND TECHNOLOGY,015827,I,CHARTER SCHOOL DISTRICTS
SCHOOL OF SCIENCE AND TECHNOLOGY D,015831,I,CHARTER SCHOOL DISTRICTS
SCHULENBURG ISD,075903,H,RURAL
SCURRY-ROSSER ISD,129910,D,OTHER CENTRAL CITY SUBURBAN
SEAGRAVES ISD,083901,H,RURAL
SEALY ISD,008902,D,OTHER CENTRAL CITY SUBURBAN
SEASHORE CHARTER SCHOOLS,178808,I,CHARTER SCHOOL DISTRICTS
SEGUIN ISD,094901,D,OTHER CENTRAL CITY SUBURBAN
SEMINOLE ISD,083903,G,NON-METROPOLITAN STABLE
SER-NINOS CHARTER SCHOOL,101802,I,CHARTER SCHOOL DISTRICTS
SEYMOUR ISD,012901,H,RURAL
SHALLOWATER ISD,152909,D,OTHER CENTRAL CITY SUBURBAN
SHAMROCK ISD,242902,F,NON-METROPOLITAN FAST GROWING
SHARYLAND ISD,108911,D,OTHER CENTRAL CITY SUBURBAN
SHEKINAH RADIANCE ACADEMY,015819,I,CHARTER SCHOOL DISTRICTS
SHELBYVILLE ISD,210903,H,RURAL
SHELDON ISD,101924,B,MAJOR SUBURBAN
SHEPHERD ISD,204904,E,INDEPENDENT TOWN
SHERMAN ISD,091906,C,OTHER CENTRAL CITY
SHINER ISD,143903,H,RURAL
SIDNEY ISD,047905,H,RURAL
SIERRA BLANCA ISD,115902,H,RURAL
SILSBEE ISD,100904,E,INDEPENDENT TOWN
SILVERTON ISD,023902,H,RURAL
SIMMS ISD,019909,H,RURAL
SINTON ISD,205906,E,INDEPENDENT TOWN
SIVELLS BEND ISD,049909,H,RURAL
SKIDMORE-TYNAN ISD,013905,H,RURAL
SLATON ISD,152903,G,NON-METROPOLITAN STABLE
SLIDELL ISD,249908,H,RURAL
SLOCUM ISD,001909,H,RURAL
SMITHVILLE ISD,011904,G,NON-METROPOLITAN STABLE
SMYER ISD,110906,H,RURAL
SNOOK ISD,026903,H,RURAL
SNYDER ISD,208902,G,NON-METROPOLITAN STABLE
SOCORRO ISD,071909,A,MAJOR URBAN
SOMERSET ISD,015909,G,NON-METROPOLITAN STABLE
SOMERVILLE ISD,026902,H,RURAL
SONORA ISD,218901,G,NON-METROPOLITAN STABLE
SOUTH PLAINS ACADEMY CHARTER DISTR,152803,I,CHARTER SCHOOL DISTRICTS
SOUTH SAN ANTONIO ISD,015908,B,MAJOR SUBURBAN
SOUTH TEXAS EDUCATIONAL TECHNOLOGI,108802,I,CHARTER SCHOOL DISTRICTS
SOUTH TEXAS ISD,031916,G,NON-METROPOLITAN STABLE
SOUTHLAND ISD,085903,H,RURAL
SOUTHSIDE ISD,015917,B,MAJOR SUBURBAN
SOUTHWEST ISD,015912,B,MAJOR SUBURBAN
SOUTHWEST PREPARATORY SCHOOL,015807,I,CHARTER SCHOOL DISTRICTS
SOUTHWEST SCHOOL,101838,I,CHARTER SCHOOL DISTRICTS
SPEARMAN ISD,098904,G,NON-METROPOLITAN STABLE
SPLENDORA ISD,170907,D,OTHER CENTRAL CITY SUBURBAN
SPRING BRANCH ISD,101920,B,MAJOR SUBURBAN
SPRING CREEK ISD,117907,H,RURAL
SPRING HILL ISD,092907,D,OTHER CENTRAL CITY SUBURBAN
SPRING ISD,101919,B,MAJOR SUBURBAN
SPRINGLAKE-EARTH ISD,140907,H,RURAL
SPRINGTOWN ISD,184902,D,OTHER CENTRAL CITY SUBURBAN
SPUR ISD,063903,H,RURAL
SPURGER ISD,229905,H,RURAL
ST ANTHONY SCHOOL,057836,I,CHARTER SCHOOL DISTRICTS
ST MARY'S ACADEMY CHARTER SCHOOL,013801,I,CHARTER SCHOOL DISTRICTS
STAFFORD MSD,079910,B,MAJOR SUBURBAN
STAMFORD ISD,127906,H,RURAL
STANTON ISD,156902,D,OTHER CENTRAL CITY SUBURBAN
STEP CHARTER SCHOOL,101859,I,CHARTER SCHOOL DISTRICTS
STEPHEN F AUSTIN STATE UNIVERSITY,174801,I,CHARTER SCHOOL DISTRICTS
STEPHENVILLE ISD,072903,E,INDEPENDENT TOWN
STERLING CITY ISD,216901,F,NON-METROPOLITAN FAST GROWING
STOCKDALE ISD,247906,H,RURAL
STRATFORD ISD,211902,H,RURAL
STRAWN ISD,182905,H,RURAL
SUDAN ISD,140908,H,RURAL
SULPHUR BLUFF ISD,112910,H,RURAL
SULPHUR SPRINGS ISD,112901,E,INDEPENDENT TOWN
SUNDOWN ISD,110907,H,RURAL
SUNNYVALE ISD,057919,F,NON-METROPOLITAN FAST GROWING
SUNRAY ISD,171902,H,RURAL
SWEENY ISD,020906,D,OTHER CENTRAL CITY SUBURBAN
SWEET HOME ISD,143905,H,RURAL
SWEETWATER ISD,177902,G,NON-METROPOLITAN STABLE
TAFT ISD,205907,D,OTHER CENTRAL CITY SUBURBAN
TAHOKA ISD,153904,H,RURAL
TARKINGTON ISD,146907,G,NON-METROPOLITAN STABLE
TATUM ISD,201910,D,OTHER CENTRAL CITY SUBURBAN
TAYLOR ISD,246911,D,OTHER CENTRAL CITY SUBURBAN
TEAGUE ISD,081904,G,NON-METROPOLITAN STABLE
TEKOA ACADEMY OF ACCELERATED STUDI,123803,I,CHARTER SCHOOL DISTRICTS
TEMPLE ISD,014909,D,OTHER CENTRAL CITY SUBURBAN
TENAHA ISD,210904,F,NON-METROPOLITAN FAST GROWING
TERLINGUA CSD,022004,H,RURAL
TERRELL COUNTY ISD,222901,H,RURAL
TERRELL ISD,129906,C,OTHER CENTRAL CITY
TEXANS CAN ACADEMIES,057804,I,CHARTER SCHOOL DISTRICTS
TEXARKANA ISD,019907,E,INDEPENDENT TOWN
TEXAS CITY ISD,084906,D,OTHER CENTRAL CITY SUBURBAN
TEXAS COLLEGE PREPARATORY ACADEMIE,221801,I,CHARTER SCHOOL DISTRICTS
TEXAS EDUCATION CENTERS,061802,I,CHARTER SCHOOL DISTRICTS
TEXAS EMPOWERMENT ACADEMY,227805,I,CHARTER SCHOOL DISTRICTS
TEXAS LEADERSHIP,226801,I,CHARTER SCHOOL DISTRICTS
TEXAS PREPARATORY SCHOOL,105802,I,CHARTER SCHOOL DISTRICTS
TEXAS SCHOOL OF THE ARTS,220814,I,CHARTER SCHOOL DISTRICTS
TEXAS SERENITY ACADEMY,170801,I,CHARTER SCHOOL DISTRICTS
TEXHOMA ISD,211901,H,RURAL
TEXLINE ISD,056902,H,RURAL
THE EAST AUSTIN COLLEGE PREP ACADE,227824,I,CHARTER SCHOOL DISTRICTS
THE EXCEL CENTER (FOR ADULTS),227827,I,CHARTER SCHOOL DISTRICTS
THE LAWSON ACADEMY,101864,I,CHARTER SCHOOL DISTRICTS
THE PRO-VISION ACADEMY,101868,I,CHARTER SCHOOL DISTRICTS
THE RHODES SCHOOL,101861,I,CHARTER SCHOOL DISTRICTS
THE VARNETT PUBLIC SCHOOL,101814,I,CHARTER SCHOOL DISTRICTS
THORNDALE ISD,166905,H,RURAL
THRALL ISD,246912,H,RURAL
THREE RIVERS ISD,149902,H,RURAL
THREE WAY ISD,072901,H,RURAL
THROCKMORTON ISD,224901,H,RURAL
TIDEHAVEN ISD,158902,H,RURAL
TIMPSON ISD,210905,H,RURAL
TIOGA ISD,091907,F,NON-METROPOLITAN FAST GROWING
TOLAR ISD,111903,E,INDEPENDENT TOWN
TOM BEAN ISD,091918,H,RURAL
TOMBALL ISD,101921,B,MAJOR SUBURBAN
TORNILLO ISD,071908,G,NON-METROPOLITAN STABLE
TRANSFORMATIVE CHARTER ACADEMY,014802,I,CHARTER SCHOOL DISTRICTS
TREETOPS SCHOOL INTERNATIONAL,220801,I,CHARTER SCHOOL DISTRICTS
TRENT ISD,221905,H,RURAL
TRENTON ISD,074912,H,RURAL
TRINIDAD ISD,107907,H,RURAL
TRINITY BASIN PREPARATORY,057813,I,CHARTER SCHOOL DISTRICTS
TRINITY CHARTER SCHOOL,046802,I,CHARTER SCHOOL DISTRICTS
TRINITY ISD,228903,G,NON-METROPOLITAN STABLE
TROUP ISD,212904,G,NON-METROPOLITAN STABLE
TROY ISD,014910,G,NON-METROPOLITAN STABLE
TULIA ISD,219903,G,NON-METROPOLITAN STABLE
TULOSO-MIDWAY ISD,178912,D,OTHER CENTRAL CITY SUBURBAN
TURKEY-QUITAQUE ISD,096905,H,RURAL
TWO DIMENSIONS PREPARATORY ACADEMY,101840,I,CHARTER SCHOOL DISTRICTS
TYLER ISD,212905,C,OTHER CENTRAL CITY
UME PREPARATORY ACADEMY,057845,I,CHARTER SCHOOL DISTRICTS
UNION GROVE ISD,230908,H,RURAL
UNION HILL ISD,230904,H,RURAL
UNITED ISD,240903,C,OTHER CENTRAL CITY
UNIVERSAL ACADEMY,057808,I,CHARTER SCHOOL DISTRICTS
UNIVERSITY OF HOUSTON CHARTER SCHO,101807,I,CHARTER SCHOOL DISTRICTS
UNIVERSITY OF TEXAS ELEMENTARY CHA,227819,I,CHARTER SCHOOL DISTRICTS
UNIVERSITY OF TEXAS UNIVERSITY CHA,227806,I,CHARTER SCHOOL DISTRICTS
UPLIFT EDUCATION - HAMPTON PREPARA,057843,I,CHARTER SCHOOL DISTRICTS
UPLIFT EDUCATION - NORTH HILLS PRE,057803,I,CHARTER SCHOOL DISTRICTS
UPLIFT EDUCATION - PEAK PREPARATOR,057838,I,CHARTER SCHOOL DISTRICTS
UPLIFT EDUCATION - WILLIAMS PREPAR,057842,I,CHARTER SCHOOL DISTRICTS
UPLIFT EDUCATION-SUMMIT INTERNATIO,220816,I,CHARTER SCHOOL DISTRICTS
UT TYLER INNOVATION ACADEMY,212804,I,CHARTER SCHOOL DISTRICTS
UTOPIA ISD,232904,H,RURAL
UTPB STEM ACADEMY,068803,I,CHARTER SCHOOL DISTRICTS
UVALDE CISD,232903,E,INDEPENDENT TOWN
VALENTINE ISD,122902,H,RURAL
VALLEY MILLS ISD,018904,H,RURAL
VALLEY VIEW ISD,049903,H,RURAL
VALLEY VIEW ISD,108916,D,OTHER CENTRAL CITY SUBURBAN
VAN ALSTYNE ISD,091908,D,OTHER CENTRAL CITY SUBURBAN
VAN ISD,234906,D,OTHER CENTRAL CITY SUBURBAN
VAN VLECK ISD,158906,G,NON-METROPOLITAN STABLE
VANGUARD ACADEMY,108808,I,CHARTER SCHOOL DISTRICTS
VEGA ISD,180902,F,NON-METROPOLITAN FAST GROWING
VENUS ISD,126908,D,OTHER CENTRAL CITY SUBURBAN
VERIBEST ISD,226908,H,RURAL
VERNON ISD,244903,G,NON-METROPOLITAN STABLE
VICTORIA ISD,235902,E,INDEPENDENT TOWN
VICTORY PREP,101865,I,CHARTER SCHOOL DISTRICTS
VIDOR ISD,181907,D,OTHER CENTRAL CITY SUBURBAN
VILLAGE TECH SCHOOLS,057847,I,CHARTER SCHOOL DISTRICTS
VISTA DEL FUTURO CHARTER SCHOOL,071809,I,CHARTER SCHOOL DISTRICTS
VYSEHRAD ISD,143904,H,RURAL
WACO CHARTER SCHOOL,161801,I,CHARTER SCHOOL DISTRICTS
WACO ISD,161914,C,OTHER CENTRAL CITY
WAELDER ISD,089905,H,RURAL
WALCOTT ISD,059902,H,RURAL
WALL ISD,226906,D,OTHER CENTRAL CITY SUBURBAN
WALLER ISD,237904,E,INDEPENDENT TOWN
WALNUT BEND ISD,049908,H,RURAL
WALNUT SPRINGS ISD,018905,H,RURAL
WARREN ISD,229904,G,NON-METROPOLITAN STABLE
WASKOM ISD,102903,G,NON-METROPOLITAN STABLE
WATER VALLEY ISD,226905,H,RURAL
WAXAHACHIE FAITH FAMILY ACADEMY,070801,I,CHARTER SCHOOL DISTRICTS
WAXAHACHIE ISD,070912,C,OTHER CENTRAL CITY
WAYSIDE SCHOOLS,227803,I,CHARTER SCHOOL DISTRICTS
WEATHERFORD ISD,184903,C,OTHER CENTRAL CITY
WEBB CISD,240904,H,RURAL
WEIMAR ISD,045905,H,RURAL
WELLINGTON ISD,044902,H,RURAL
WELLMAN-UNION CISD,223904,H,RURAL
WELLS ISD,037909,H,RURAL
WESLACO ISD,108913,D,OTHER CENTRAL CITY SUBURBAN
WEST HARDIN COUNTY CISD,100908,H,RURAL
WEST ISD,161916,G,NON-METROPOLITAN STABLE
WEST ORANGE-COVE CISD,181906,G,NON-METROPOLITAN STABLE
WEST OSO ISD,178915,D,OTHER CENTRAL CITY SUBURBAN
WEST RUSK COUNTY CONSOLIDATED ISD,201914,F,NON-METROPOLITAN FAST GROWING
WEST SABINE ISD,202905,H,RURAL
WESTBROOK ISD,168903,H,RURAL
WESTHOFF ISD,062905,H,RURAL
WESTLAKE ACADEMY CHARTER SCHOOL,220810,I,CHARTER SCHOOL DISTRICTS
WESTPHALIA ISD,073904,H,RURAL
WESTWOOD ISD,001908,G,NON-METROPOLITAN STABLE
WHARTON ISD,241904,G,NON-METROPOLITAN STABLE
WHEELER ISD,242903,F,NON-METROPOLITAN FAST GROWING
WHITE DEER ISD,033904,H,RURAL
WHITE OAK ISD,092908,D,OTHER CENTRAL CITY SUBURBAN
WHITE SETTLEMENT ISD,220920,B,MAJOR SUBURBAN
WHITEFACE CISD,040902,H,RURAL
WHITEHOUSE ISD,212906,D,OTHER CENTRAL CITY SUBURBAN
WHITESBORO ISD,091909,D,OTHER CENTRAL CITY SUBURBAN
WHITEWRIGHT ISD,091910,H,RURAL
WHITHARRAL ISD,110908,H,RURAL
WHITNEY ISD,109911,E,INDEPENDENT TOWN
WICHITA FALLS ISD,243905,C,OTHER CENTRAL CITY
WILDORADO ISD,180904,H,RURAL
WILLIS ISD,170904,D,OTHER CENTRAL CITY SUBURBAN
WILLS POINT ISD,234907,D,OTHER CENTRAL CITY SUBURBAN
WILSON ISD,153907,H,RURAL
WIMBERLEY ISD,105905,D,OTHER CENTRAL CITY SUBURBAN
WINDTHORST ISD,005904,H,RURAL
WINFIELD ISD,225905,H,RURAL
WINFREE ACADEMY CHARTER SCHOOLS,057828,I,CHARTER SCHOOL DISTRICTS
WINK-LOVING ISD,248902,F,NON-METROPOLITAN FAST GROWING
WINNSBORO ISD,250907,E,INDEPENDENT TOWN
WINONA ISD,212910,D,OTHER CENTRAL CITY SUBURBAN
WINTERS ISD,200904,H,RURAL
WODEN ISD,174906,H,RURAL
WOLFE CITY ISD,116909,H,RURAL
WOODSBORO ISD,196902,H,RURAL
WOODSON ISD,224902,H,RURAL
WOODVILLE ISD,229903,G,NON-METROPOLITAN STABLE
WORTHAM ISD,081905,H,RURAL
WYLIE ISD,043914,D,OTHER CENTRAL CITY SUBURBAN
WYLIE ISD,221912,D,OTHER CENTRAL CITY SUBURBAN
YANTIS ISD,250905,H,RURAL
YES PREP PUBLIC SCHOOLS INC,101845,I,CHARTER SCHOOL DISTRICTS
YOAKUM ISD,062903,G,NON-METROPOLITAN STABLE
YORKTOWN ISD,062904,H,RURAL
YSLETA ISD,071905,A,MAJOR URBAN
ZAPATA COUNTY ISD,253901,D,OTHER CENTRAL CITY SUBURBAN
ZAVALLA ISD,003906,H,RURAL
ZEPHYR ISD,025906,H,RURAL
ZOE LEARNING ACADEMY,101850,I,CHARTER SCHOOL DISTRICTS
